,,,,,
,,,,,
,,,,,
Product,retail,wholesale,MRP,,
,,,,,
,,,,,
Black Jeera 10 Nos,10,8,0,,
Cardamom 10 Nos,10,8,0,,
Cashew 10 Nos,10,8,0,,
Clove 10 Nos,10,8,0,,
Dry Grapes 10 Nos,10,8,0,,
Grapes & Cashew 10 Nos,10,8,0,,
Leaf Sheet 10 Nos,10,8,10,,
Menthyalu 10 Nos,10,8,0,,
Mustard 10 Nos,10,8,0,,
Mustard Big 10 Nos,10,8,0,,
Omum 10 Nos,10,8,0,,
Patta 10 Nos,10,8,0,,
Poppy Seeds 10 Nos,10,8,0,,
Soda 10 Nos,10,8,0,,
,,,,,
,,,,,
Cardamom 12 Nos,5,4,0,,
Cashew 12 Nos,5,4,0,,
Clove 12 Nos,5,4,0,,
Jeera 12 Nos,5,4,0,,
Omom 12 Nos,5,4,0,,
Patta 12 Nos,5,4,0,,
Pepper 12 Nos,5,4,0,,
Soda 12 Nos,5,4,0,,
Sompoo 12 Nos,5,4,0,,
Tasting Salt 12 Nos,5,4,0,,
,,,,,
,,,,,
Vermicelli Anil 180 Gms,15,12,17,,
Vermicelli Anil Ragi 180 Gms,19,17,21,,
Vermicelli Anil Ric 500 Gms,60,55,61,,
,,,,,
,,,,,
3 Roses 9 Gms,5,4.75,5,,
3 Roses 17 Gms,10,9.5,10,,
3Roses 500 Gms,330,325,340,,
3Roses 250 Gms,170,167,175,,
3Roses Hotel Pack 500 Gms,260,250,277,,
AVT Premium 1 Kg,230,220,240,,
Boost 18 Gms,5,4.8,5,,
Boost Jar 500 Gms,240,235,247,,
Boost Refil 500 Gms,225,210,234,,
Bru 11 Gms,5,9.5,10,,
Bru 2 Gms,10,1.85,2,,
Bru 3 Gms,2,2.85,3,,
Bru 6 Gms,3,4.75,5,,
Bru Green Label 100 Gms,24,23,25,,
Bru Green Label 200 Gms,58,56,60,,
Bru Tripsh 200 Gms,150,140,0,,
Coffee,720,710,0,,
Cothas Coffee 500 Gms,250,225,0,,
Green Label 500 Gms,150,145,155,,
,,,,,
,,,,,
,,,,,
,,,,,
,,,,,
Product,Rate,Rate,MRP,,
,,,,,
Horlicks,5,325,0,,
Horlicks 15 Gms,350,4.8,5,,
Horlicks Pack 200 Gms,90,87,90,,
Horlicks Pet Jar 200 Gms,111,107,111,,
Milk Pwd EveryDay 20 Gms,10,9.5,10,,
Milk Pwd EveryDay 200 Gms,104,0,104,,
Red Label 100 Gms,35,33,35,,
Sunrise 2 Gms,10,1.9,2,,
Sunrise 11 Gms,5,9.5,10,,
Sunrise 5 Gms,75,4.75,5,,
Sunrise 50 Gms,2,0,75,,
Taj 100 Gms,155,60,62,,
Taj 250 Gms,62,150,155,,
Tea,440,420,0,,
,,,,,
,,,,,
Aishwarya 25 Kg,950,900,0,,
BL Atta 500 Gms,18,15.25,0,,
BL Avalakki 500 Gms,1600,20.25,0,,
BL Avalakki,25,33,0,,
BL Avalakki 40 Kg,40,1320,0,,
BL Avalakki 30 Kg,1700,1200,0,,
BL Bansi Sooji 500 Gms,38,30,38,,
BL Bansi Sooji 1 Kg,42,39,0,,
BL Chakki Atta 500 Gms,45,19,0,,
BL Chakki Atta 5 Kg,24,190,0,,
BL Chakki Atta 10 Kg,200,400,0,,
BL Chakki Atta 1 Kg,440,40,0,,
BL Channa 30 Kg,2500,3150,0,,
BL Chiroti Sooji 500 Gms,30,28,0,,
BL Corn Flour 1 Kg,45,40,0,,
BL Fried Gram 500 Gms,22,39,0,,
BL Fried Gram 250 Gms,42,20.38,0,,
BL Gram 50 Kg,1950,3000,0,,
BL Gram 30 Kg,3100,1700,0,,
BL Gram 50 Kg,2600,2500,0,,
BL Gram 500 Gms,40,36,0,,
BL Gram Dall 500 Gms,35,33.5,0,,
BL Gram Flour 500 Gms,75,37,0,,
Bl Gram Flour 1 Kg,40,71,0,,
BL Gram Flour 30 Kg,2000,1850,0,,
BL Gram Flour Glod 10 Kg,700,680,0,,
BL Gram Flour SBL 10 Kg,650,620,0,,
BL Gram Flour Tiger 10 Kg,620,550,0,,
BL Green Peas 50 Kg,4000,3900,0,,
BL Green Peas 500 Gms,45,40,0,,
BL Ground Nuts 500 Gms,58,53,0,,
BL Idly Sooji 1 Kg,38,35,0,,
BL Kala Massor Gola 50 Kg,2700,2600,0,,
BL Maida 500 Gms,23,19,0,,
BL Maida 10 Kg,370,360,0,,
BL Maida 1 Kg,45,40,0,,
BL Massor Dall 500 Gms,32,30,0,,
,,,,,
,,,,,
,,,,,
,,,,,
,,,,,
Product,Rate,Rate,MRP,,
,,,,,
BL Massor Dall 500 Gms,35,30,0,,
BL Massor Gola 30 Kg,2500,2400,0,,
BL Moong 25 Kg,2800,2750,0,,
BL Moong 500 Gms,50,37,0,,
BL Moong Dall 500 Gms,50,42,0,,
BL Moong Dall 50 Kg,6750,6500,0,,
BL Ragi Flour 500 Gms,25,20.5,0,,
BL Ragi Flour 1 Kg,40,35,0,,
BL Ragi Flours 1 Kg,37,34,0,,
BL Rice Flacks 500 Gms,30,25,0,,
BL Rice Flour 500 Gms,38,14.25,0,,
BL Rice Flour 1 Kg,18,35,0,,
BL Roasted Sooji 500 Gms,70,30,0,,
BL Roasted Sooji 1 Kg,35,65,0,,
BL Sooji 500 Gms,28,26,0,,
BL Sooji 1 Kg,40,35,0,,
BL Sugar 500 Gms,40,18.75,0,,
BL Sugar 1 Kg,21,37.5,0,,
BL TD Shivalaya 25 Kg,3000,2725,0,,
BL Thick Rice Flacks 500 Gms,28,27,0,,
BL Thin Rice Flacks 500 Gms,30,29,0,,
BL Toor Dall 1 Kg,105,97,0,,
BL Toor Dall 5 Kg,525,490,0,,
BL Urid Dall 500 Gms,47,40.5,0,,
BL Urid Gola 500 Gms,87,41,0,,
Channa Small 25 Kg,1500,1450,0,,
Gram Flour Tiger 30 Kg,1750,1650,0,,
Idly Namasthe 25 Kg,1050,1000,0,,
Jeera Rice 25 Kg,1900,1800,0,,
Nandi Rice 25 Kg,850,820,0,,
Navarathna 25 Kg,900,880,0,,
Swaran Rice 25 Kg,900,880,0,,
,,,,,
,,,,,
Brokance 555 25 Kg,640,620,0,,
Brokance Kalki 25 Kg,600,575,0,,
Brokance Nandi 25 Kg,630,625,0,,
Brokance Pavans 25 Kg,650,640,0,,
,,,,,
,,,,,
Tazza 1 Kg,210,205,0,,
TopStar 500 Gms,230,220,0,,
,,,,,
,,,,,
Chilli Big 10 Kg,1600,1500,0,,
Chilli Bydagi 10 Kg,3200,3100,0,,
Chilli Small 10 Kg,2250,2150,0,,
Chilli Small Mauri 10 Kg,1550,1450,0,,
Chilli Small Rose 10 Kg,1600,1550,0,,
Chilli Stem Less 10 Kg,2100,2000,0,,
,,,,,
,,,,,
Citrus Bar 115 Gms,10,10,10,,
,,,,,
,,,,,
,,,,,
,,,,,
,,,,,
Product,,,Rate,,Tax %
,,,,,
Dish Wash Gel 250 Ml,100,90,110,,
Exo,47,45,47,,
,,,,,
,,,,,
8 To 8 Sauce 200 Ml,66,,0,,
Aachi Mixed Masala 500 Gms,160,150,,,
Asafoetida,10,10,,,
Chunnam,40,30,,,
Daniya 40 Kg,3300,3200,,,
Daniya 1 Kg,125,125,,,
Daniya VIP 40 Kg,3300,3200,,,
Garllic 50 Kg,4800,4750,,,
Garllic Big 40 Kg,7200,6400,,,
Garllic Pcs 40 Kg,7200,6400,,,
Gobi Masala,500,370,,,
Gulkan,160,150,,,
Jakai,900,750,,,
Jaljeera,,,0,,
Japathre,3000,2850,,,
Kaba Masal 100 Gms,45,40,51,,
Kalpaasi,,,0,,
Lime Stone 50 Gms,10,,8,,
News Paper,40,35,,,
Roja Packets 200 Nos,85,75,,,
Sabeem Nylon 500 Gms,55,50,,,
Sabeena 500 Gms,12,11.5,12,,
Sunnam,,,5.5,,
Tamarind Dosa 1 Kg,1400,1300,,,
White Pep Pwdr 100 Gms,30,25,,,
,,,,,
,,,,,
Hand,Cover Medium,Cover Medium,0,,
Hand Cover 13 X 16 |,40,40,48,,
Hand Cover 13 X 16 ||,20,,0,,
Hand Cover 9 X 13,10,,9.5,,
Hand Cover Small,,,0,,
Hand Cover16 X 20,55,45,,,
Packing 7 Kg,140,140,,,
Packing 10 Kg,140,140,,,
Packing 250 Gms,140,140,,,
Packing 500 Gms,140,140,,,
Packing 1 Kg,140,145,,,
Packing,150,170,,,
Packing 2 Kg,180,145,,,
Packing 3 Kg,150,145,,,
Packing 5 Kg,150,140,,,
Packing 100 Nos,140,130,,,
Packing 13 X 16,20,17,,,
Parcel Cover 13 X 13,200,180,,,
Parcel Cover 5 X 6,40,36,,,
Parcel Cover 5 X 8,40,36,,,
Plate Baji,32,30,,,
,,,,,
,,,,,
,,,,,
,,,,,
,,,,,
,,,,,
Product,Rate,Rate,MRP,,
,,,,,
,,,,,
Avalakki 40 Kg,1500,1450,0,,
Ballar Dall 25 Kg,2000,1875,0,,
Ballar Dall 50 Kg,3300,3300,0,,
Ballar Dall Horse 25 Kg,1700,1600,0,,
Chiroti AFP 50 Kg,1400,1360,0,,
GD Libarty 50 Kg,3700,3650,0,,
GD Sarvottam 30 Kg,1800,1740,0,,
Gram 50 Kg,2600,2900,0,,
Gram 30 Kg,3000,2550,0,,
Gram Dall 25 Kg,2200,2070,0,,
Gram Dall 50 Kg,3500,3100,0,,
Gram Dall Maharaja,75,70,0,,
Green Peas 30 Kg,4500,4250,0,,
Green Peas 50 Kg,8000,7900,0,,
Horse Gram,1125,43,0,,
Horse Gram 25 Kg,45,1075,0,,
Karamani 25 Kg,3800,1750,0,,
Karamani 50 Kg,1800,3600,0,,
Massor Dall 30 Kg,1820,1800,0,,
Massor Gola 30 Kg,2300,2250,0,,
Moong 50 Kg,4500,4400,0,,
Moong 30 Kg,2250,2150,0,,
Moong Bold 50 Kg,4100,4000,0,,
Moong Daimond 30 Kg,0,0,0,,
Moong Dall 30 Kg,2850,2820,0,,
Moong Dall 50 Kg,6000,6000,0,,
Moong Small 50 Kg,4000,3900,0,,
Moong Super 30 Kg,0,0,0,,
Samba Rava Anil 500 Gms,85,80,90,,
Samba Rava Nandi 500 Gms,80,75,64,,
TD Aditithya 30 Kg,3300,3200,0,,
TD Google 50 Kg,5000,4950,0,,
TD SP 50 Kg,4000,3900,0,,
Toor Dhall Happy 50 Kg,3850,3800,0,,
Toor Dhall Lion 50 Kg,3850,3800,0,,
Toor Dhall Shivaling 50 Kg,5000,4750,0,,
Urid Dall 25 Kg,1900,1800,0,,
Urid Dhall | 50 Kg,4300,4000,0,,
Urid Dhall || 50 Kg,65,63,0,,
Wheat 25 Kg,1000,900,0,,
Wheat Aongur 30 Kg,950,900,0,,
White Peas 50 Kg,5000,4500,0,,
,,,,,
,,,,,
Gold Winner 200 Ml,25,22,0,,
Vanaspathi 200 Ml,20,18,0,,
Vanaspathi 500 Ml,45,40,0,,
Vanaspathi 100 Ml,10,9,0,,
,,,,,
,,,,,
Dry Dates,0,0,0,,
Dry Fig,900,875,0,,
,,,,,
,,,,,
,,,,,
,,,,,
,,,,,
Product,Rate,Rate,MRP,,
,,,,,
Dry Grapes 12 Nos,5,4,0,,
Pumkin Seeds,650,625,0,,
Saraaparupu,1500,1250,0,,
,,,,,
,,,,,
Eno Cola 5 Gms,8,7,8,,
Eno Lemon 5 Gms,8,7,8,,
Eno Orange 5 Gms,8,7,8,,
,,,,,
,,,,,
Baking Powder 1 Kg,75,70,0,,
Flavour Pimeapple 100 Ml,15,15,25,,
Yeast,180,160,200,,
,,,,,
,,,,,
Chaat Masala 100 Gms,60,55,62,,
Cholle Masala 100 Gms,60,55,63,,
Kitchen King 100 Gms,62,60,65,,
Meat Masala 100 Gms,70,65,72,,
Sabji Masala 100 Gms,52,50,54,,
Shahi Paneer 100 Gms,75,70,78,,
Super Garam Masala 200 Gms,80,75,80,,
,,,,,
,,,,,
Gram Flour No.1 25 Kg,1620,1550,0,,
Gram Flour No.1 10 Kg,660,620,0,,
Gram Flours No.1 25 Kg,1600,1550,0,,
Maida Hi Stand 50 Kg,1640,1640,0,,
Maida Shivaji 1 Kg,38,34,40,,
Maida Vivatta 5 Kg,190,160,0,,
Maida Vivatta 1 Kg,35,32,0,,
Sooji 50 Kg,2000,1850,0,,
Sooji Lohith 500 Gms,28,25,31,,
,,,,,
,,,,,
Double Pura 25 Kg,950,950,0,,
Double Rose 25 Kg,950,930,0,,
DSM 25 Kg,1300,1270,0,,
DSM 10 Kg,550,520,0,,
Full Boiled Rice,0,0,0,,
Gold Ponni 25 Kg,1250,1200,0,,
Gold Ponni 5 Kg,280,260,0,,
Gold Ponni 10 Kg,520,480,0,,
Jasmine 25 Kg,1250,1250,0,,
Jassmine 25 Kg,1300,1250,0,,
Shivalaya 25 Kg,1300,1250,0,,
Thanga Gopuram 25 Kg,1250,1230,0,,
Tiger 25 Kg,750,720,0,,
Vaigai Ponni 25 Kg,1300,1200,0,,
,,,,,
,,,,,
GRB Ghee 100 Ml,74,69,74,,
GRB Ghee 27 Ml,135,17.5,20,,
,,,,,
,,,,,
,,,,,
,,,,,
,,,,,
Product,Rate,Rate,MRP,,
,,,,,
GRB Ghee 200 Ml,20,130,136,,
GRB Ghee 17 Ml,330,9,10,,
GRB Ghee 500 Ml,10,320,331,,
GRB Ghee 1 Ltr,590,560,602,,
Hatson Ghee 100 Ml,470,60,0,,
Hatson Ghee 1 Ltr,110,460,0,,
Hatson Ghee 200 Ml,70,105,0,,
Nandini Ghee 1 Ltr,425,415,0,,
Nandini Ghee 500 Ml,220,210,0,,
Nandini Ghee 200 Ml,100,95,105,,
Nandini Ghee 500 Ml,250,240,0,,
Nandini Ghee 5 Ltr,2100,2000,0,,
,,,,,
,,,,,
Amudham Oil 1 Ltr,70,63,0,,
Amudham Oil 500 Ml,35,33,0,,
Gingerlliy Oil 1 Ltr,250,240,0,,
Idayam Oil,315,315,0,,
Lamp Oil 1 Ltr,82,80,0,,
Lamp Oil 500 Ml,42,40,0,,
,,,,,
,,,,,
Ground Nut 50 Kg,5500,5300,0,,
Ground Nut P A 40 Kg,4700,4600,0,,
Ground Nut P B 40 Kg,3900,3800,0,,
Ground Nut Raykotta 40 Kg,3800,3700,0,,
Ground Nut | 40 Kg,4600,4300,0,,
Ground Nut || 40 Kg,4600,4600,0,,
Ground Nut ||| 40 Kg,4100,3950,0,,
JVS Ground Nut Oil 1 Ltr,175,170,0,,
Mr.Gold GN 1 Ltr,145,140,170,,
,,,,,
,,,,,
Abhiruchi 25 Kg,950,950,0,,
Aishwarya 25 Kg,1300,1250,0,,
AKR Gold 25 Kg,2650,2550,0,,
Akshaya 25 Kg,950,950,0,,
Ambhari Steam,50,45,0,,
Ambhari Steam 25 Kg,1150,1100,0,,
Amma,45,39,0,,
Amma 25 Kg,900,850,0,,
Amulya 25 Kg,900,850,0,,
Annapurn 25 Kg,1150,1100,0,,
AR Gold 25 Kg,1250,1200,0,,
Bullet 25 Kg,950,920,0,,
Bullet Jeera 25 Kg,42,1000,0,,
Bullet Jeera,1000,40,0,,
Bullet Jeera MD 25 Kg,0,0,0,,
Bullet JSR 25 Kg,1250,1130,0,,
CBR HMT 25 Kg,1200,1150,0,,
Cow Delicious 25 Kg,1350,1300,0,,
Czar 25 Kg,1250,1200,0,,
Double Horse 25 Kg,1000,950,0,,
,,,,,
,,,,,
,,,,,
,,,,,
,,,,,
Product,Rate,Rate,MRP,,
,,,,,
Ever Home 25 Kg,950,900,0,,
Happy Boy 25 Kg,850,820,0,,
HMT Rice 25 Kg,1250,1200,0,,
Home Special 25 Kg,1050,1000,0,,
Joker 25 Kg,900,880,0,,
Josh 25 Kg,900,880,0,,
Kalki 25 Kg,1300,1300,0,,
Kalki Bullet 25 Kg,1050,1050,0,,
Kalki Nutr 25 Kg,1000,1000,0,,
Lotus 25 Kg,950,920,0,,
MIX Rice 25 Kg,900,850,0,,
MRI Natural Rice 25 Kg,880,850,0,,
MSF 999 Gold 25 Kg,1200,1150,0,,
Nakshathra 25 Kg,1150,1100,0,,
Nandi 25 Kg,1000,1000,0,,
Popular 10 Kg,920,420,0,,
Popular 25 Kg,450,900,0,,
Robo 25 Kg,1120,1100,0,,
Royal Bullet 25 Kg,1000,1000,0,,
Royal Bullet (M) 25 Kg,1000,1000,0,,
Royal Bullet Aishwary 25 Kg,900,850,0,,
Royal Bullet B 25 Kg,1070,1050,0,,
Royal Bullet DC 25 Kg,1000,980,0,,
S K Bullet 25 Kg,970,950,0,,
S L S Classic 25 Kg,1050,1000,0,,
Sanji 25 Kg,900,860,0,,
Shudh 25 Kg,1000,990,0,,
SK Bullet 25 Kg,1000,1000,0,,
SK Classic 10 Kg,520,520,0,,
SK Classic 25 Kg,55,1280,0,,
SK Classic,1350,51,0,,
SK Classics 25 Kg,1350,1280,0,,
Surya Gold 25 Kg,1150,1100,0,,
Vinayaka 25 Kg,950,900,0,,
,,,,,
,,,,,
3Roses 100 Gms,68,67,70,,
CloseUp 48 Gms,20,0,20,,
CloseUp RED Act 150 Gms,83,0,85,,
CloseUp RED Act 80 Gms,50,0,50,,
Closeup Red Hot Act 23 Gms,10,9.3,10,,
Dove Cream Beauty 50 Gms,22,21,22,,
Dove Cream Beauty 100 Gms,44,42,45,,
Dove D S 6 Ml,2,1.8,2,,
Dove Daily Shine 80 Ml,55,0,55,,
Dove Hair Fall 6 Ml,2,1.8,2,,
GAL ADV MV 25 Gms,9,52,54,,
GAL ADV MV 15 Gms,150,19,20,,
GAL ADV MV 9 Gms,100,8.5,9,,
GAL ADV MV 80 Gms,54,0,155,,
GAL ADV MV 50 Gms,20,95,102,,
GAL Face Wash 50 Ml,65,62,65,,
Hamam Soap 45 Gms,48,9,10,,
,,,,,
,,,,,
,,,,,
,,,,,
,,,,,
Product,Rate,Rate,MRP,,
,,,,,
Hamam Soap 100 Gms,10,30,32,,
Hamam Soap 150 Gms,32,47,50,,
KSN MF JAM POUCH 11 Gms,2,1.9,2,,
KSN MF JAM TUB 100 Gms,20,19,20,,
Lifebuoy 125 Gms,25,24,25,,
Liril Lemon Tree 75 Gms,32,31,32,,
Lux Cream 75 Gms,29,28.5,30,,
Lux Creamy 75 Gms,30,29,30,,
Lux Rose 100 Gms,25,24,25,,
Lux Rose 50 Gms,10,9.5,10,,
Pep Fighter + TB MED 10 Gms,20,15,20,,
Pep Fighter + TB Soft 10 Gms,20,15,20,,
Pep GC Cavity 200 Gms,90,85,90,,
Pep GC Cavity 23 Gms,10,9.2,10,,
Pep GC Cavity 20% Exr 11 Gms,20,18,20,,
Ponds Cold Ceam 14 Ml,10,9.5,10,,
Ponds Cold Cream 30 Ml,55,0,55,,
Ponds Pure White Face Wash 50 Ml,90,85,95,,
Ponds Pwd Acacia Honey 50 Gms,60,58,60,,
Ponds Pwd Pink Lily 100 Gms,88,0,90,,
Ponds Pwd Pink Lily 50 Ml,45,43,45,,
Ponds Pwd Sandal 50 Gms,60,58,60,,
Ponds Pwd Sandal 100 Gms,110,105,110,,
Ponds Triple Vitamin Mstur 100 Ml,80,75,80,,
Ponds WB AT SF 125 Gms,125,120,125,,
Ponds WB Fairness 23 Gms,70,65,70,,
Ponds White Beauty 7 Gms,10,9,10,,
Ponds White Beauty 50 Ml,75,0,79,,
Red Label 250 Gms,130,128,135,,
Rexona 100 Gms,27,26,27,,
Rin Bar 140 Gms,10,9.5,10,,
Rin Bar 250 Gms,14,13.5,14,,
Rin Liquid 430 Ml,65,62,65,,
Rin Liquid 800 Ml,95,93,99,,
Rin Powder 120 Gms,10,9,10,,
Rin Powder 1 Kg,75,73,77,,
Savlon Disinfectant 100 Ml,44,40,44,,
Surf Excel Bar 95 Gms,16,9.5,10,,
Surf Excel Bar 250 Gms,10,24,25,,
Surf Excel Bar 150 Gms,25,15,16,,
Surf Excel EW 1 Kg,120,117,124,,
Surf Excel EW 500 Gms,60,58,62,,
Surf Excel FL 1 Ltr,215,210,215,,
Surf Excel MTC LIQ FL 500 Ml,107,105,110,,
Surf Excel MTC LIQ TL 500 Ml,93,90,95,,
Surf Excel Pwd 80 Gms,155,9,10,,
Surf Excel Pwd 1 Kg,75,150,160,,
Surf Excel Pwd 500 Gms,10,72,75,,
Surf Excel TL 1 Ltr,185,180,189,,
Vaseline Aloe Fresh 100 Ml,95,90,95,,
Vaseline Brightening Lotion 100 Ml,99,95,99,,
Vaseline Cocoa Lotion 100 Ml,97,95,99,,
Vaseline Deep Store 100 Ml,75,72,75,,
,,,,,
,,,,,
,,,,,
,,,,,
,,,,,
Product,Rate,Rate,MRP,,
,,,,,
Vaseline PJ 21 Ml,42,0,42,,
Vaseline PJ 5 Ml,5,4.8,5,,
Vim Bar 300 Gms,10,19,20,,
Vim Bar 85 Gms,20,4.8,5,,
Vim Bar 150 Gms,5,9.6,10,,
Vim Liquid Act Get 155 Ml,20,19,20,,
Vim Liquid Act Get 75 Ml,10,9.6,10,,
Vivel Aloe Vera 100 Gms,25,22.5,25,,
Vivel Aloe Vera 51 Gms,10,0,10,,
Vivel BB Cool Mint 48 Gms,10,9,10,,
Vivel Lotus Oil 100 Gms,25,22.5,25,,
Wheel Active 155 Gms,10,9.5,10,,
Wheel LMN 1 Kg,50,48.5,53,,
Wheel LMN 500 Gms,27,25,27,,
Wheel Powder 500 Gms,10,26,27,,
Wheel Powder 1 Kg,27,50,53,,
Wheel Powder 155 Gms,53,9.5,10,,
Yippee Magic MSL 32 Gms,12,4.85,5,,
Yippee Magic MSL 70 Gms,5,11.25,12,,
Yippee Magic MSL 2in1 140 Gms,22,21.5,23,,
Yippee Magic MSL 4in1 280 Gms,46,43,46,,
Yippee Magic MSL 6in1 420 Gms,66,65,68,,
,,,,,
,,,,,
Idly Double Pura 10 Kg,200,380,0,,
Idly Double Pura 25 Kg,450,850,0,,
Idly Double Pura 5 Kg,850,180,0,,
Idly Lotus 25 Kg,900,900,0,,
Idly Pattali 25 Kg,900,900,0,,
Idly Rice 25 Kg,850,830,0,,
Idly Rice Cow 25 Kg,200,850,0,,
Idly Rice Cow 5 Kg,420,190,0,,
Idly Rice Cow 10 Kg,850,400,0,,
Idly Rice Orange Rice 25 Kg,750,720,0,,
,,,,,
,,,,,
Anachi Poo,850,800,0,,
Avalakki,50,40,0,,
Baking Powder,150,100,0,,
Balance,0,0,0,,
Ballar,50,45,0,,
Ballar Dall,85,80,0,,
Basmathi Rice,100,90,0,,
Bearly Rice,70,65,0,,
Brokan Rice,30,30,0,,
Chakki Atta |,40,35,0,,
Chakki Atta ||,30,25.6,0,,
Chakki Atta |||,40,35,0,,
Channa,110,105,0,,
Channa Small,70,60,0,,
Cheque Return,450,450,0,,
Chilli Big,200,180,0,,
Chilli Bydagi,320,310,0,,
,,,,,
,,,,,
,,,,,
,,,,,
,,,,,
Product,Rate,Rate,MRP,,
,,,,,
Chilli Round,200,190,0,,
Chilli Small,220,210,0,,
Chilli Stem Less,210,200,0,,
Chiroti Sooji,35,33,0,,
Cloth,60,50,0,,
Congress Masala,0,0,0,,
Cooli,100,100,0,,
Corn Flour,60,55,0,,
Daniya |,100,100,0,,
Daniya ||,90,85,0,,
Delhi Dubar,95,90,0,,
Dosa Rice,35,32,0,,
Dry Coconut,300,220,0,,
DSM,55,52,0,,
Dubar,95,90,0,,
Fried Gram |,90,85,0,,
Fried Gram ||,85,80,0,,
Garllic,100,95,0,,
Garllic Big,150,140,0,,
Garllic Pcs,170,165,0,,
Garllic Small,180,170,0,,
Gram,70,65,0,,
Gram Dall |,80,75,0,,
Gram Dall ||,75,70,0,,
Gram Dall |||,3000,2900,0,,
Gram Flour,70,70,0,,
Green Peas,160,150,0,,
Ground Nuts |,110,100,0,,
Ground Nuts ||,110,90,0,,
Ground Nuts |||,110,107,0,,
GTS,70,68,0,,
Half Boiled Rice,0,0,0,,
Happy Boy,38,32,0,,
Idly Rice,38,36,0,,
Jaggey,50,0,0,,
Jaggrey Big,65,60,0,,
Jaggrey Small,55,50,0,,
Jasmine,52,50,0,,
Kabul,85,75,0,,
Karamani,90,85,0,,
Kukuman,100,90,0,,
Maida |,30,26,0,,
Maida ||,35,30,0,,
Markless Peas Dall,75,72,0,,
Massor Dall,62,62,0,,
Massor Gola,85,80,0,,
Moong Dall Swasthik,90,86,0,,
Moong Dall |,130,120,0,,
Moong Dall ||,110,115,0,,
Moong |,110,100,0,,
Moong ||,100,95,0,,
Nattu Sakare,60,50,0,,
Onion Medium,70,65,0,,
,,,,,
,,,,,
,,,,,
,,,,,
,,,,,
Product,Rate,Rate,MRP,,
,,,,,
Onion Small,70,65,0,,
Other,5000,4500,0,,
Papad 100 Gms,40,12.5,0,,
Papad 200 Gms,28,25,0,,
Papad 1 Kg,14,0,0,,
Papad 500 Gms,140,65,0,,
Papad 150 Gms,70,30,58,,
Papad Kara,170,150,0,,
Papad Stick,150,130,0,,
Potato,28,24,0,,
Raw Rice,60,60,0,,
Red Rajma,0,0,0,,
Rice Flour,37,35,0,,
Royal Bullet,45,41,0,,
Sabeam,125,120,0,,
Sandige,80,75,0,,
Scrab,13,12,15,,
Soda RB,50,40,0,,
Sooji,40,32,0,,
Soya Big,120,110,0,,
Soya Small,140,120,0,,
Sugar,40,37,0,,
Tamarind,150,130,0,,
Tamarind Dosa,160,150,0,,
TD Daimond,90,87,0,,
TD Jawan,85,76,0,,
That Mat,22,21,0,,
Thread,7,6,0,,
Tiger,35,30,0,,
Toor Dall Muyal,80,72,0,,
Toor Dall Salem,85,78,0,,
Toor Dall Shivaling,120,115,0,,
Toor Dall Shivaling Imp,100,95,0,,
Toor Dall |,140,130,0,,
Toor Dall |V,110,100,0,,
Toor Dall ||,130,125,0,,
Toor Dall |||,125,120,0,,
Tooth Pics,10,8,0,,
Urid Dall Black,100,95,0,,
Urid Dall Kamadenu,115,110,0,,
Urid Dall Tippu,65,57,0,,
Urid Gola,120,115,0,,
Urid Gola Balaji 50 Nos,6500,6400,0,,
Urid Gola Black,110,100,0,,
Urid Gola Kamadhenu,71,70,0,,
Urid Gola Vinayaka,95,90,0,,
Urid Gola |,140,130,0,,
Urid Gola ||,130,120,0,,
Urid Gola |||,120,110,0,,
Vermicelli,0,0,0,,
Wheat,40,40,0,,
White Peas,100,80,0,,
,,,,,
,,,,,
,,,,,
,,,,,
,,,,,
,,,,,
Product,Rate,Rate,MRP,,
,,,,,
,,,,,
Coconut 500 Ml,270,110,147,,
Coconut 1 Ltr,130,220,284,,
,,,,,
,,,,,
Badam Drink 200 Gms,105,100,120,,
Badam Drink 500 Gms,210,180,210,,
Badam Drink Mix 10 Gms,5,4.6,5,,
Badami Powder,350,275,0,,
Baji Bonda Mix 200 Gms,55,50,55,,
Bisbelebath Powder 17 Gms,10,9,10,,
Bisibelebath Masala 200 Gms,85,84,85,,
Bisibelebath Masala 100 Gms,48,46,48,,
Fried Rice Hot&Spicy 20 Gms,10,8.5,10,,
Fried Rice Original 18 Gms,10,8.5,10,,
Gulab Jamun Mix 175 Gms,120,115,130,,
Lemon Rice Pwd 25 Gms,10,9,10,,
Payasam Mix 100 Gms,45,39,45,,
Payasam Mix 180 Gms,70,65,70,,
Puliogare Powder 200 Gms,80,78,80,,
Puliogare Powder 100 Gms,45,43,45,,
Puliyogare Powder 30 Gms,10,9,10,,
Tomato Rice Pwd 25 Gms,10,9,10,,
Vangibath Powder 100 Gms,45,43,48,,
Vangibath Powder 17 Gms,10,9,10,,
Vermicelli MTR 500 Gms,40,35,42,,
Vermicelli MTR 1 Kg,70,60,80,,
Vermicelli Roasted 400 Gms,50,45,55,,
,,,,,
,,,,,
Muggi Bar 250 Gms,45,22,27,,
Muggi Bar 500 Gms,25,40,47,,
,,,,,
,,,,,
MO MG 1 Ltr,125,120,0,,
MO MG 500 Ml,70,65,0,,
Mustard Oil 1 Ltr,120,110,0,,
Mustard Oil 500 Ml,95,90,0,,
,,,,,
,,,,,
A&M Noodles Tasty 70 Gms,28,25,28,,
Ann Chakki Atta 5 Kg,260,255,270,,
Ann Chakki Atta 10 Kg,490,485,490,,
Atta Postman,1320,1310,0,,
Atta Postman 50 Kg,1310,1320,0,,
Badami,800,760,0,,
Betel Nuts,80,75,0,,
Biscuit Boost 44 Gms,10,9.25,10,,
Biscuit Horlicks 85 Gms,10,0,10,,
BL Atta 1 Kg,38,32,0,,
Bresh Cibaca 10 Nos,15,13,15,,
Bresh Extr Clean 12 Nos,18,16,18,,
Bresh Sens Gentle 5 Nos,30,25,30,,
,,,,,
,,,,,
,,,,,
,,,,,
,,,,,
Product,Rate,Rate,MRP,,
,,,,,
Bresh Sup Flex 12 Nos,20,0,20,,
Bresh Sup Jun 10 Nos,15,13,15,,
Bru Super Strong 200 Gms,148,145,148,,
BTC Oil 1 Ltr,88,85,0,,
Candel 5 Nos,2,4,5,,
Candel 10 Nos,5,7,10,,
Candel 2 Nos,10,1.5,2,,
Cardamom,5150,4950,0,,
Cashew,750,700,0,,
Cashew 2pc,700,650,0,,
Cashew 4pc,650,600,0,,
Cashew Baby,500,450,0,,
CDC 200 Gms,95,90,95,,
CDC 150 Gms,68,64,68,,
CDC 100 Gms,52,48.5,52,,
Chakki Atta 50 Kg,1500,1450,0,,
Channa 30 Kg,0,0,0,,
Channa Masala 500 Gms,35,30,0,,
Chik Blk Pro Thk & Glsy 20 Nos,1,0.85,1,,
Chik Egg Prosol 20 Nos,1,0.85,1,,
Chik Jas Prosol 20 Nos,1,0.85,1,,
Cinthol Cool 100 Gms,35,33.5,35,,
Cinthol Health 100 Gms,35,33.5,35,,
Cinthol Lime 100 Gms,30,0,31,,
Cinthol Original 150 Gms,49,45,49,,
Cinthol Original 40 Gms,10,9,10,,
Cinthol Original 100 Gms,35,33.5,35,,
Citrus Bar 75 Gms,5,4.75,5,,
Citus Tub 500 Gms,40,35,42,,
Clear DNDRF CLN 5 Gms,1.5,1.3,1.5,,
Clinic Plus S&L Shmp 6 Gms,1,0.9,1,,
Clinic Plus S&L Shmp 80 Ml,38,0,39,,
Clove,750,700,0,,
Coconut Cover 100 Nos,125,115,0,,
Coconut Powder 1 Kg,140,130,0,,
Colg Act Salt 200 Gms,100,95,100,,
Colg Act Salt 100 Gms,55,52.5,55,,
Colg CAS 100+200+17,135,130,138,,
Colg CDC 46 Gms,20,19,20,,
Colg CDC 46 Gms,20,19,20,,
Colg CMF Red 150 Gms,95,90,95,,
Colg Pwd 100 Gms,49,47,49,,
Colg Pwd 50 Gms,20,19,20,,
Colg Salt 20 Gms,10,9.5,10,,
Colg Salt 46 Gms,20,19,20,,
Colg TP 200+100,145,140,147,,
Colg Vedshakthi 100 Gms,52,0,52,,
Colg Vedshathi 200 Gms,95,90,95,,
Color Apple Green 20 Nos,35,30,40,,
Color Kasthuri Bush,65,55,0,,
Color Lemon Yellow 20 Nos,35,30,40,,
Color Lemon Yellow Bush,60,55,0,,
Color Orange Red 20 Nos,35,30,40,,
,,,,,
,,,,,
,,,,,
,,,,,
,,,,,
Product,Rate,Rate,MRP,,
,,,,,
Color Orange Red Bush,60,55,0,,
Colour Apple Green Bush,65,55,0,,
Colour Kasthuri 20 Nos,35,30,40,,
Comfort,0,0,235,,
Common,0,0,0,,
Comsn,3100,3100,0,,
Congress 1 Kg,170,150,0,,
Cup Tea,40,35,0,,
Cup Water,75,70,0,,
Custard 1 Kg,75,65,0,,
Det Soap,32,30,0,,
DO Kaleeshwari 1 Ltr,150,145,0,,
DO Kaleeshwari 500 Ml,80,75,0,,
DO Kasthuri Oil 500 Ml,65,60,0,,
DO Kasthuri Oil 1 Ltr,120,110,0,,
DO Maingai 200 Ml,35,25,35,,
DO Mangai 400 Ml,55,50,0,,
DO Mangai 800 Ml,100,95,0,,
DO Panchathyla 1 Ltr,100,92,0,,
DO Panchathyla 500 Ml,50,45,0,,
DO Siva Jothi 420 Ml,60,55,0,,
DO Sun Oil 1 Ltr,80,75,0,,
DO Sun Oil 500 Ml,50,45,0,,
DO Sun Oil 200 Ml,30,25,0,,
Dry Grapes,320,280,0,,
Dust Bin Cover 1 Kg,160,155,0,,
FG 999 30 Kg,2500,2400,0,,
FG Apple 30 Kg,2150,2100,0,,
FG Bullet 30 Kg,2200,2150,0,,
FG Globe 30 Kg,2400,2300,0,,
FG Hifi 30 Kg,2250,2150,0,,
FG Rocket 30 Kg,2300,2200,0,,
FG Shankarthi 30 Kg,2500,2400,0,,
FG Thrishul 30 Kg,2500,2450,0,,
Fruit Crush,0,0,0,,
GD 123 Channa Dall 30 Kg,2000,1800,0,,
GD 999 50 Kg,3200,3150,0,,
GD Dollar 50 Kg,3200,3000,0,,
GD Maharaja 50 Kg,3200,3100,0,,
GD Maharaja 50 Kg,3200,3100,0,,
GD Maharaja Rupal 50 Kg,3400,3400,0,,
GD PSF 50 Kg,3500,3250,0,,
Ginger Garllic Ruchi,5,4,5,,
GK Adv Cool,34,32,34,,
GK Green Shakthi,35,0,35,,
Hand Gloves,80,70,0,,
Harpc Plus 900 Ml,145,0,151,,
Harpic BCL Lem 200 Ml,44,0,44,,
Harpic BCL Lem 500 Ml,90,85,91,,
Harpic Pwr Org 500 Ml,37,80,86,,
Harpic Pwr Org 200 Ml,85,35,37,,
Harpic Red Flo 200 Ml,44,42,44,,
Harpic Red Flo 500 Ml,90,0,91,,
,,,,,
,,,,,
,,,,,
,,,,,
,,,,,
Product,Rate,Rate,MRP,,
,,,,,
Head Cap,60,50,0,,
Hit Cik 125 Ml,99,62,65,,
Hit Cik 200 Ml,65,95,99,,
Hit Fik 200 Ml,99,95,99,,
Hit Red 625 Ml,260,250,269,,
Honey 1 Ltr,250,180,390,,
Ice Spl Chakki Atta 50 Kg,1300,1290,0,,
Indica Easy 10m 12 Nos,25,20,25,,
Indica Pwd 10m Hair Clr 8 Nos,19,16,19,,
Jaggrey Big 30 Kg,1350,1300,0,,
Jaggrey Small 30 Kg,1350,1300,0,,
Jeera 100 Gms,22,21,0,,
Jeera 50 Gms,15,12,0,,
Jeera 1 Kg,250,230,0,,
Jeera,250,220,0,,
Jeera Rice Popular 1 Kg,110,100,0,,
Jeera Rice Trans 25 Kg,2300,2100,0,,
Jilebee Mix 1 Kg,200,190,0,,
Kala Massor Gola,57,53,0,,
Karthika Hairfall 10 Nos,1,0.9,1,,
Karthika Herbal 20 Nos,1,0.9,1,,
Kit Kat 12 Gms,10,0,10,,
Leaf,250,150,0,,
Lemon Salt,250,150,0,,
LG Asafoetida 50 Gms,70,60,0,,
LG Powder Asafoetida 50 Gms,70,60,0,,
Lizol DFC Citrus 200 Ml,38,36,38,,
Lizol DFC Citrus 500 Ml,90,85,93,,
Lizol DFC Flo 200 Ml,38,36,38,,
Lizol DFC Flo 500 Ml,90,85,93,,
Lizol DFC Jaz 200 Ml,90,36,38,,
Lizol DFC Jaz 500 Ml,38,85,93,,
Macoroni 250 Gms,20,20,25,,
Maggi 70 Gms,12,11.5,12,,
Maggi Masala 140 Gms,24,0,24,,
Maggi Special Masala 70 Gms,15,14.25,15,,
Maida Global 50 Kg,1650,1470,0,,
Maida Globe 50 Kg,1650,1550,0,,
Maida Hotel King 50 Kg,1650,1650,0,,
Maida Ice Spl 50 Kg,1550,1450,0,,
Maida Trishul 50 Kg,1750,1650,0,,
Maida Trishul 50 Kg,1500,1400,0,,
Malik Dinar 25 Kg,2800,2600,0,,
Mango Crush,144,140,0,,
Markless Peas 50 Kg,3500,3425,0,,
Match Box 2 Nos,20,20,0,,
Match Box,10,10,0,,
MD IPL 30 Kg,3100,3000,0,,
MD Kalasa 25 Kg,2750,2650,0,,
MD Swasthik 50 Kg,6000,5750,0,,
Meera Adv Pwd 40 Gms,34,32,34,,
Meera Adv Pwd 80 Gms,63,60,63,,
Meera Adv Pwd 15 Nos,4,3.8,4,,
,,,,,
,,,,,
,,,,,
,,,,,
,,,,,
Product,Rate,Rate,MRP,,
,,,,,
Meera Coco Oil Btl 25 Gms,10,9,10,,
Meera Coco Oil Pkt 12 Nos,140,9,10,,
Meera Coco Oil Pkt 100 Gms,10,28,32,,
Meera Coco Oil Pkt 500 Gms,32,130,145,,
Meera Got Anti Dandruff 10 Nos,2,1.9,2,,
Meera Got Hairfall 10 Nos,2,1.9,2,,
Meera Herbal Pwd 150 Gms,90,85,91,,
Menthyalu,80,70,0,,
Menthyalu 50 Gms,6,5,0,,
Milk Mad 400 Gms,115,115,117,,
MilkyBar Choo Plain 10 Gms,5,4.75,5,,
MilkyBar Moosha 24 Gms,10,9.5,10,,
Mini Idly Cup,95,85,0,,
Mini Idly Spoon,140,130,0,,
MO Shalimar 1 Ltr,135,125,0,,
MO Shalimar 500 Ml,70,65,0,,
MO Uttam 500 Ml,70,67,0,,
MO Uttam 1 Ltr,135,130,0,,
Moong Dall 50 Kg,4600,4450,0,,
Moong Dall RI 50 Kg,4500,4400,0,,
Mr. Gold Coconut Oil,30,30,0,,
Munch 11 Gms,5,4.75,5,,
Munch 25 Gms,10,9.5,10,,
Munch Crisp Pop 20 Gms,10,0,10,,
Munch Trio Wafer 12 Gms,10,0,10,,
Mustard,80,75,0,,
Mustard 100 Gms,9,7,0,,
Mustard 50 Gms,5,3,0,,
Mustard 50 Gms,5,4,0,,
Nobel Chips,80,75,0,,
Noodles 480 Gms,0,0,0,,
Omum,275,250,0,,
Orange Maida 50 Kg,1480,1460,0,,
Paper Roll UB,50,48,0,,
Paper Roll VIP,60,50,0,,
Patta,450,370,0,,
Pepper 100 Gms,500,45,0,,
Pepper,50,450,0,,
Pepper 50 Gms,30,25,0,,
Pepper Atom,500,370,0,,
Pickel,65,55,0,,
Pickel Ruchi,1,0.8,0,,
Pickel Ruchi 10 Nos,10,8.5,10,,
Pickel Ruchi MRP75,70,65,75,,
Pickel Ruchi MRP80,75,70,80,,
Pickel Ruchi MRP95,90,80,95,,
Pista,2200,2000,0,,
Polo Big Jar 15 Gms,5,4.75,5,,
Polo Mini Jar 6 Gms,2,0,2,,
Ponnvandu 250 Gms,20,18,0,,
Poppy Seeds,60,1100,0,,
Poppy Seeds 100 Gms,1200,110,0,,
Poppy Seeds 50 Gms,120,55,0,,
,,,,,
,,,,,
,,,,,
,,,,,
,,,,,
Product,Rate,Rate,MRP,,
,,,,,
Postman Maida 50 Kg,1410,1360,0,,
Postman R Atta 50 Kg,0,0,0,,
Postman Sooji 50 Kg,1350,1285,0,,
Raja Bullet 25 Kg,1100,1050,0,,
Rat Glue Pad,80,60,100,,
RMC,3000,3000,0,,
Rose,17,14,0,,
Sabena 1 Kg,40,38,0,,
Salt 1 Kg,11,6,0,,
Salt 25 Kg,220,200,0,,
Salt O Fresh 1 Kg,10,8,0,,
Savorit Macroni Pasta 500 Gms,25,25,25,,
Silver Paper,750,750,0,,
SM Garam Masala 1 Kg,450,420,0,,
SM Jeera Powder 50 Gms,21,19.5,0,,
Sompoo,7,130,0,,
Sompoo 50 Gms,200,6,0,,
Soup Cup,90,80,0,,
Soup Spoon,60,50,0,,
Soya Big 20 Kg,1500,1450,0,,
Soya Small 20 Kg,1800,1750,0,,
Spoon,0,0,0,,
Steel Nar,11,10,0,,
Sugar Bag 50 Kg,1800,1800,0,,
Sugar Daimond,75,65,0,,
Sugar Powder 1 Kg,75,70,0,,
Sur Excel,26,25,0,,
Surya Maida 50 Kg,1660,1660,0,,
Sweet Betel Nuts,300,250,0,,
Table Salt 1 Kg,10,6,0,,
Table Salt 25 Kg,190,190,0,,
Table Salt O Fresh 1 Kg,12,10,0,,
Tasting Powder 13 Gms,5,4.5,5,,
Tasting Powder 500 Gms,140,130,150,,
Tasty Salt,150,130,0,,
Tata Crystal Salt 1 Kg,350,330,16,,
Tata Crystal Salt 1 Kg,18,16,18,,
Tata Salt 1 Kg,20,19,20,,
Tata Salt 1 Kg,475,450,20,,
TD Aeroplain 50 Kg,4500,4300,0,,
TD Angel 50 Kg,4320,4200,0,,
TD Anil 25 Kg,1800,1725,0,,
TD Baby Unpolish 25 Kg,2150,2100,0,,
TD Butterfly 50 Kg,4000,3950,0,,
TD Coin 50 Kg,4600,4500,0,,
TD Coin 25 Kg,2500,2475,0,,
TD Daimond 50 Kg,4900,4800,0,,
TD Danalakshmi 25 Kg,2050,2000,0,,
TD Deer 25 Kg,1800,1750,0,,
TD Desi 50 Kg,90,87,0,,
TD EEN 25 Kg,2100,2050,0,,
TD Guru 30 Kg,3000,2750,0,,
TD Happy Boy 50 Kg,4400,4300,0,,
,,,,,
,,,,,
,,,,,
,,,,,
,,,,,
Product,Rate,Rate,MRP,,
,,,,,
TD Horse 25 Kg,2150,2100,0,,
TD Horse Unpolish 25 Kg,2250,2150,0,,
TD Jawan 30 Kg,2700,2550,0,,
TD Jothy 25 Kg,2000,1950,0,,
TD Lotus 25 Kg,2100,2000,0,,
TD Micky Mouse 25 Kg,2400,2400,0,,
TD Muyal 25 Kg,2200,2000,0,,
TD Nandi 50 Kg,4500,4500,0,,
TD PSS 50 Kg,4100,3900,0,,
TD Red Eye 25 Kg,2200,2150,0,,
TD Rose 50 Kg,4400,4300,0,,
TD Salem 50 Kg,4500,4300,0,,
TD Shivaling 25 Kg,3000,2725,0,,
TD Shivaling 50 Kg,4900,4800,0,,
TD Shivaling 25 Kg,3000,0,0,,
TD Shivaling Imp 50 Kg,4500,4250,0,,
TD Swasthik 50 Kg,4500,4300,0,,
TD Tiger 25 Kg,4500,4350,0,,
TD V-Gold 50 Kg,4300,4200,0,,
Tikka Sticks 70 Nos,15,13,0,,
Till Black,160,150,0,,
Till Black 50 Gms,12,10.5,0,,
Till Nylon White 50 Gms,200,11,0,,
Till Nylon White,13,190,0,,
Tissue Paper,35,25,0,,
Transport,0,0,0,,
Turmeric Stick,200,130,0,,
UG Apple 50 Kg,4400,4200,0,,
UG Baby 25 Kg,2250,2200,0,,
UG Coin 25 Kg,2200,2150,0,,
UG Crocodil 50 Kg,4200,4150,0,,
UG Double Orange 50 Kg,4800,4700,0,,
UG Elephant 25 Kg,1950,1850,0,,
UG Golden Deer 50 Kg,5500,5300,0,,
UG Kamadenu 50 Kg,3500,3400,0,,
UG Kannan 50 Kg,5500,5250,0,,
UG Muyal 25 Kg,2700,2600,0,,
UG Muyal 50 Kg,6000,5450,0,,
UG Nila 25 Kg,2800,2700,0,,
UG Om 50 Kg,5500,5250,0,,
UG PCR Blue 30 Kg,3550,2400,0,,
UG PCR Blue 30 Kg,2400,3450,0,,
UG PCR Green 30 Kg,3700,3600,0,,
UG Red 50 Kg,5500,5300,0,,
UG SK Brand 50 Kg,6000,5750,0,,
UG Surya 50 Kg,6000,5900,0,,
UG TMC 50 Kg,3650,3500,0,,
UG Vinayak 50 Kg,4500,4400,0,,
Vanaspathi PSM 1 Ltr,90,85,0,,
Vermicelli Savorit 2 Kg,150,130,170,,
Vermicelli Savorit 1 Kg,80,75,90,,
Vermicelli Savorit 500 Gms,45,40,50,,
Vermicelli Savorit 200 Gms,18,15,20,,
,,,,,
,,,,,
,,,,,
,,,,,
,,,,,
Product,Rate,Rate,MRP,,
,,,,,
Vermicelli Savorit 100 Gms,9,8,10,,
Vermicelli Savorit Roasted,67,67,0,,
VGR Bansi Sooji 500 Gms,35,30,0,,
VGR Chakki Atta 1 Kg,42,40,0,,
VGR Chakki Atta 500 Gms,25,19,0,,
VGR Gram Flour 500 Gms,40,37,0,,
VGR Maida 1 Kg,25,35,0,,
VGR Maida 500 Gms,40,18,0,,
VGR Ragi Flour 500 Gms,25,20,0,,
VGR Rice Flour 500 Gms,20,17,0,,
VGR Sooji 500 Gms,30,26,0,,
,,,,,
,,,,,
Ada Kerala Payasam 200 Gms,60,55,0,,
Atta,25,24,0,,
Atta Pukhraj 5 Kg,155,135,0,,
Atta Vivatta 10 Kg,350,330,0,,
Bansi Sooji 500 Gms,20,19,0,,
Butter Paper,10,5,0,,
Chakki Atta 10 Kg,330,300,0,,
Chakki Atta 500 Gms,25,20,0,,
Chakki Atta 1 Kg,42,40,0,,
Chakki Atta Bang 5 Kg,240,190,0,,
Chakki Atta Bang 10 Kg,200,240,0,,
Chakki Atta KB 5 Kg,180,160,0,,
Chakki Atta KB 25 Kg,750,700,0,,
Channa Masala 100 Gms,65,60,51,,
Chat Masala 100 Gms,42,37,0,,
China Grass 10 Gms,20,17,25,,
Cover Small,10,9,0,,
Cup,0,0,0,,
Ginger Garllic Paste 50 Gms,4.5,3.5,0,,
Holigai Paper,250,220,0,,
Maida 500 Gms,0,0,0,,
Maida 1 Kg,0,0,0,,
Patigaram,0,0,0,,
Pickel 1 Kg,280,80,0,,
Pickel 400 Gms,90,55,0,,
Pickel 200 Gms,60,35,0,,
Pickel 5 Kg,40,250,0,,
Postman T Atta 50 Kg,1300,1270,0,,
Rice Flour 25 Kg,750,700,0,,
Soap,5,5,0,,
Soya Sauce 200 Ml,35,30,0,,
Tasting Salt 500 Gms,80,65,85,,
Tazza 500 Gms,110,105,0,,
Toor Dall 25 Kg,2100,2210,0,,
Toor Dall 25 Kg,2400,2050,0,,
Vermicelli Rice,65,60,0,,
,,,,,
,,,,,
Metro 175 Gms,13,10,13,,
Padayappa 50 Gms,2.5,2.25,2.5,,
,,,,,
,,,,,
,,,,,
,,,,,
,,,,,
Product,Rate,Rate,MRP,,
,,,,,
Padayappa 175 Gms,10,9,10,,
Padayappa 100 Gms,5,4.5,5,,
Padayappa Gold 200 Gms,10,9,10,,
,,,,,
,,,,,
O Ruchi Gold Tin 15 Ltr,1450,1400,0,,
Ruchi Gold 500 Ml,105,47,0,,
Ruchi Gold 1 Ltr,48,104,0,,
,,,,,
,,,,,
20-20 Butter 1 Gms,5,4.5,5,,
20-20 Cashew Butter 6 Gms,5,4.5,5,,
Full Toss Classic Masala Masti 1 Gms,5,4.2,5,,
Full Toss Classic Tomato 1 Gms,5,4.2,5,,
Full Toss Noodle Masala 1 Gms,5,4.2,5,,
Full Toss Thai Sriracha 1 Gms,5,4.2,5,,
Happy Classic Chocolate 10 Gms,5,4.5,5,,
Hide & Seek Chocolate 1 Gms,10,9,10,,
Hide & Seek Chocolate 20 Gms,30,27.5,30,,
Krackjack Sweet Salty 13 Gms,5,4.5,5,,
Krackjack Sweet Salty 28 Gms,10,9,10,,
Krackjack Sweet Salty 1 Gms,30,27,30,,
Magix Chocolate 12 Gms,5,4.6,5,,
Magix Elaichi 13 Gms,5,4.6,5,,
Magix Mango 12 Gms,5,4.6,5,,
Magix Orange 12 Gms,5,4.6,5,,
Magix Pineapple 12 Gms,5,4.6,5,,
Magix Strawberry 12 Gms,5,4.6,5,,
Milk Shakti 1 Gms,5,4.5,5,,
Milk Shakti 14 Gms,10,8.5,10,,
Parle Marie 1 Gms,5,4.5,5,,
Parle Marie 1 Gms,10,9,10,,
Parle-G Classic 10 Gms,5,4.5,5,,
,,,,,
,,,,,
Ground Nut Oil 1 Ltr,165,160,0,,
Pat Chakki Atta 5 Kg,200,170,0,,
,,,,,
,,,,,
Agarbatti Black Stone,50,40,55,,
Agarbatti Life,50,45,55,,
Agarbatti Sandal,50,45,55,,
Camphor 50 Gms,50,45,0,,
Camphor 100 Gms,90,85,0,,
Camphor 5 Gms,15,13,5,,
Camphor 1 Gms,5,4,0,,
Pooja Items,10,10,0,,
Sambrani / Dhuna 20 Nos,15,10,16,,
,,,,,
,,,,,
Postman Chakki Atta 50 Kg,1150,1120,0,,
,,,,,
,,,,,
,,,,,
,,,,,
,,,,,
,,,,,
,,,,,
Product,Rate,Rate,MRP,,
,,,,,
Basmathi Rice 25 Kg,0,0,0,,
Basmathi Tibar 25 Kg,2000,1950,0,,
Bemisaal Rice 1 Kg,85,80,0,,
Classic Basmathi Rice 25 Kg,3800,3700,0,,
Classic Jeera Rice 25 Kg,2200,2100,0,,
Delhi Dubar 25 Kg,2500,2200,0,,
Dubar Rice 10 Kg,100,850,0,,
Dubar Rice 25 Kg,900,2150,0,,
Dubar Rice 1 Kg,2300,95,0,,
Dubar Rice 1 Kg,100,90,0,,
Jeeragasamba,100,90,0,,
Rozana 1 Kg,80,75,0,,
Select Rice 1 Kg,120,110,0,,
Super Rice 1 Kg,150,140,0,,
Super Rice 20 Kg,2700,2600,0,,
Zeera Rice 1 Kg,95,85,0,,
,,,,,
,,,,,
555 Raw Rice 25 Kg,1150,1150,0,,
999 Gold 25 Kg,1200,1100,0,,
Ajit Sona 25 Kg,1400,1400,0,,
Ambati 25 Kg,1200,1150,0,,
Ambhari Raw 25 Kg,1450,1400,0,,
Daimond 25 Kg,1450,1500,0,,
Dosa Rice 25 Kg,875,750,0,,
GTS New 25 Kg,1500,1430,0,,
GTS Old 25 Kg,1600,1580,0,,
GVK Gold 25 Kg,1200,1175,0,,
Hamsha Boild 25 Kg,720,680,0,,
Hira Zeera 25 Kg,1300,1250,0,,
Jagur 25 Kg,1350,1300,0,,
Jaquar 25 Kg,0,0,0,,
Kalki Kolam 25 Kg,1400,1350,0,,
Keshar Kali,1700,74,0,,
Keshar Kali 25 Kg,76,1650,0,,
Krishna 25 Kg,1150,1100,0,,
Mango 25 Kg,1200,1150,0,,
Mother Gold 25 Kg,1100,1080,0,,
Red Rice 25 Kg,750,720,0,,
RK Raw Rice 25 Kg,1300,1250,0,,
Roya Bullet Raw Rice 25 Kg,1300,1150,0,,
RS Raw Rice 25 Kg,1200,1150,0,,
Sagar 25 Kg,1300,1300,0,,
Shabhari 25 Kg,1300,1250,0,,
Shankum 25 Kg,0,0,0,,
Sona Classic Cow 10 Kg,370,350,0,,
Sona Raw Cow 25 Kg,1300,1300,0,,
Sona Raw Cow 10 Kg,550,490,0,,
Sona Raw Cow 5 Kg,280,250,0,,
Star Rice 10 Kg,550,520,0,,
Star Rice 25 Kg,1300,1250,0,,
Topaz RNR 25 Kg,1350,1300,0,,
Unit Raw Rice 25 Kg,1500,1500,0,,
,,,,,
,,,,,
,,,,,
,,,,,
,,,,,
Product,Rate,Rate,MRP,,
,,,,,
,,,,,
,,,,,
Vanaspathi Chanda 1 Ltr,110,105,0,,
Vanaspathi RG 1 Ltr,90,85,0,,
,,,,,
,,,,,
Gold Winner 5 Ltr,125,625,0,,
Gold Winner 500 Ml,650,62,0,,
Gold Winner 1 Ltr,65,124,0,,
JVS 5 Ltr,440,430,0,,
JVS SF Oil 1 Ltr,118,115,0,,
JVS SF Oil 2 Ltr,190,180,0,,
JVS SF Oil 500 Ml,48,47,0,,
JVS SF Oil Pet Bottel 1 Ltr,110,107,0,,
JVS Tin 15 Ltr,1600,1550,0,,
Mr.Gold 1 Ltr,100,99,120,,
Oil Tin 15 Ltr,1500,1450,0,,
Sun Fast 1 Ltr,70,65,0,,
Sun Fast 500 Ml,35,34,0,,
Sun Fast 5 Ltr,440,410,0,,
Sun Rich 2 Ltr,200,190,220,,
Sun Rich 15 Ltr,1600,1550,0,,
Sun Rich 500 Ml,65,62,0,,
Sun Rich 1 Ltr,125,120,0,,
Sunsea 1 Ltr,105,101,0,,
Sunsea 500 Ml,55,53,0,,
,,,,,
,,,,,
Moong Dall E.E 50 Kg,4500,4360,0,,
Moong Dall E.E 25 Kg,2400,2210,0,,
Moong Dall EEN 25 Kg,2075,2050,0,,
Moong Dall Elephant 25 Kg,2200,2150,0,,
Moong Dall Transparent 25 Kg,3250,3250,0,,
,,,,,
,,,,,
Chilli Sauce 200 Ml,35,30,0,,
Chilli Sauces 1 Ltr,30,28,0,,
Soya Sauces 1 Ltr,30,28,0,,
Tomatato Pichkoo 90 Gms,15,14,15,,
Tomato Hot & Sweet 90 Gms,20,0,20,,
Tomato Ketchup 500 Ml,60,55,0,,
Tomato Sauce 200 Ml,40,30,0,,
Tomato Sauce 1 Ltr,35,38,0,,
Venigar 1 Ltr,15,13,0,,
Venigar 700 Ml,20,18,0,,
,,,,,
,,,,,
Bajji Bonda Powder 200 Gms,30,27,32,,
Honey 20 Gms,16,15,17,,
Honey 50 Gms,35,33,37,,
Kasthuri Manjal 50 Gms,25,0,0,,
Kumkum 50 Gms,10,9,0,,
Ponvaandu 5 Gms,5,4,5,,
,,,,,
,,,,,
,,,,,
,,,,,
,,,,,
Product,,,Rate,,Tax %
,,,,,
Ponvaandu 10 Gms,,,8,,
SM Biryani Masala 50 Gms,,,27,,
SM Biryani Masala 200 Gms,,,100,,
SM Black Pep Pwd 50 Gms,,,34,,
SM Chicken Masala 20 Gms,,,7,,
SM Chicken Masala 500 Gms,,,155,,
SM Chicken Masala 100 Gms,,,32,,
SM Chicken Masala 50 Gms,,,17,,
SM Chilli Chicken Masala 50 Gms,,,18,,
SM Chilli Powder 1 Kg,,,290,,
SM Chilli Powder 500 Gms,,,145,,
SM Chilli Powder 100 Gms,,,29,,
SM Chilli Powder 50 Gms,,,14.5,,
SM Coriander Powder 100 Gms,,,17,,
SM Coriander Powder 50 Gms,,,9,,
SM Coriander Powder 1 Kg,,,160,,
SM Coriander Powder 500 Gms,,,80,,
SM Curry Masala 50 Gms,,,16.5,,
SM Egg Masala 50 Gms,,,19,,
SM Fish Curry Masala 50 Gms,,,14.5,,
SM Fish Fry Masala 50 Gms,,,16,,
SM Garam Masala 200 Gms,,,85,,
SM Garam Masala 50 Gms,,,22,,
SM Idly Chutney Masala 50 Gms,,,12,,
SM Jeera Powder Masala 50 Gms,,,19.5,,
SM Lemon Rice Powder 50 Gms,,,13,,
SM Mixed,Masala 50 Gms,Masala 50 Gms,11,,
SM Mutton Masala 500 Gms,,,170,,
SM Mutton Masala 100 Gms,,,33,,
SM Mutton Masala 50 Gms,,,18,,
SM Mutton Masala 20 Gms,,,9,,
SM Rasam Powder 500 Gms,,,196,,
SM Rasama Masala 50 Gms,,,20,,
SM Sambar Masala 100 Gms,,,30,,
SM Sambar Masala 1 Kg,,,0,,
SM Sambar Masala 500 Gms,,,140,,
SM Sambar Masala 50 Gms,,,14.14,,
SM Sup Garam Masala 50 Gms,,,18,,
SM Tamarind Masala 50 Gms,,,15.5,,
SM Turmaric Powder 20 Gms,,,5,,
SM Turmeric Powder 500 Gms,,,70,,
SM Turmeric Powder 100 Gms,,,15,,
SM Turmeric Powder 50 Gms,,,8,,
SM Vathal Pulli Kolambu,Masala 50g,Masala 50g,15,,
,,,,,
,,,,,
Ashirvaad Atta 1 Kg,,,50,,
Ashirvaad Atta 5 Kg,,,250,,
Ashirvaad Atta 10 Kg,,,420,,
Ashirvaad Atta 500 Gms,,,24.8,,
Bingo Original Chilli 25 Gms,,,9,,
Bingo Original Salt 25 Gms,,,9,,
Bounce Choco 34 Gms,,,4.8,,
,,,,,
,,,,,
,,,,,
,,,,,
,,,,,
Product,Rate,Rate,MRP,,
,,,,,
Bounce Elaichi 34 Gms,5,4.8,5,,
Bounce Orange 34 Gms,5,4.8,5,,
Bounce Pineapple 34 Gms,5,4.8,5,,
Dark Fantasy Choco 20 Gms,10,9,10,,
Hifi Butter 36 Gms,5,4.6,5,,
Hifi Cashew 36 Gms,5,4.6,5,,
Marie Light 70 Gms,5,9.2,10,,
Marie Light 38 Gms,10,4.75,5,,
Moms Magic Cashew & Alm 39 Gms,5,4.5,5,,
Moms Magic Cashew & Alm 68 Gms,10,9,10,,
Moms Magic Richbutter 39 Gms,5,4.5,5,,
Moms Magic Richbutter 90 Gms,10,9,10,,
Table Salt Ashirvaad 1 Kg,15,15,20,,
,,,,,
,,,,,
Chat Masala 100 Gms,40,38,0,,
Garam Masala 50 Gms,20,18,0,,
Gobi Masala 125 Gms,40,35,40,,
Kabab Masala 100 Gms,32,29,0,,
Kasthuri Methi 100 Gms,35,32,0,,
SS Black Pep Pwdr 50 Gms,20,18,0,,
SS Chilli Powder 50 Gms,10,8.5,0,,
SS Chilli Powder 500 Gms,100,85,0,,
SS Coridander Powder 50 Gms,9,8,0,,
,,,,,
,,,,,
Marati Moggu,800,650,0,,
Till Nylon White 100 Gms,22,20,0,,
,,,,,
,,,,,
Medimix Ayurvedic Soap 75 Gms,26,23,26,,
Medimix Ayurvedic Soap 125 Gms,38,36,40,,
Medimix Ayurvedic Soap 35 Gms,10,8,10,,
Medimix Ayurvedic Soap 20 Gms,5,4,5,,
Medimix Ayurvedic Soap 3 X 1 75 Gms,78,69,78,,
Medimix Sandal Soap 125 Gms,30,42,47,,
Medimix Sandal Soap 75 Gms,45,26,30,,
Medimix Sandal Soap 3+3 125 Gms,135,125,141,,
Medimix Soap Multi 3 Pie 125 Gms,100,95,105,,
Medimix Transperant Soap 75 Gms,45,27,30,,
Medimix Transperant Soap 125 Gms,30,42,47,,
,,,,,
,,,,,
Organic Jaggery,60,50,0,,
,,,,,
,,,,,
Tej Chicken Kabab 30 Gms,10,8,10,,
Tej Chicken Kabab 100 Gms,40,35,40,,
Tej Chicken Masala 40 Gms,10,8.25,10,,
Tej Chilli Powder 500 Gms,100,95,300,,
Tej Coriander Powder 500 Gms,80,75,0,,
Tej Fish Curry 50 Gms,10,0,10,,
Tej Fish Fry 40 Gms,10,0,10,,
,,,,,
,,,,,
,,,,,
,,,,,
,,,,,
Product,Rate,Rate,MRP,,
,,,,,
Tej Garam Masala 20 Gms,80,75,10,,
Tej Ginger Garllic Paste 500 Gms,5,70,90,,
Tej Ginger Garllic Paste 6 Nos,80,4.5,5,,
Tej Jeera Powder 20 Gms,10,0,10,,
Tej Pepper Powder 15 Gms,10,8,10,,
Tej Super Garam 200 Gms,40,35,250,,
,,,,,
,,,,,
Chilli Sauces 630 Gms,60,50,80,,
Tomato Sauce 1 Kg,120,100,130,,
,,,,,
,,,,,
Coconut Oil 500 Ml,160,160,0,,
Gingerlly Oil 500 Ml,190,160,0,,
Ground Nut Oil 1 Ltr,210,200,0,,
,,,,,
,,,,,
,,,,,